Gloomhaven,102.835
Pandemic Legacy: Season 1,62.99
Through the Ages: A New Story of Civilization,50.155
Terraforming Mars,47.926
Twilight Struggle,46.18
Star Wars: Rebellion,86.715
Scythe,63.5625
Gaia Project,82.47999999999999
Great Western Trail,
Terra Mystica,82.47999999999999
Twilight Imperium (Fourth Edition),
War of the Ring (Second Edition),64.862
The Castles of Burgundy,31.21
7 Wonders Duel,25.64
The 7th Continent,399.99
Spirit Island,54.65
Puerto Rico,30.113333333333333
Arkham Horror: The Card Game,35.95666666666667
Viticulture Essential Edition,44.7375
Concordia,46.29
Caverna: The Cave Farmers,73.22666666666666
Brass: Birmingham,82.16333333333333
Brass: Lancashire,54.99
Agricola,48.653333333333336
Mage Knight Board Game,58.8
Mansions of Madness: Second Edition,88.62666666666667
Orl√©ans,44.11
Blood Rage,63.99
Food Chain Magnate,98.61
A Feast for Odin,84.67999999999999
Mechs vs. Minions,149.98
Kingdom Death: Monster,999.99
Pandemic Legacy: Season 2,63.32666666666667
Star Wars: Imperial Assault,74.98
Through the Ages: A Story of Civilization,50.155
Power Grid,
Azul,29.458
Eclipse,
Tzolk'in: The Mayan Calendar,43.5925
Le Havre,53.656666666666666
Robinson Crusoe: Adventures on the Cursed Island,45.935
The Voyages of Marco Polo,47.55
Android: Netrunner,
Clans of Caledonia,50.41
7 Wonders,41.980000000000004
Keyflower,49.525000000000006
Caylus,137.62
Race for the Galaxy,25.056666666666665
Dominant Species,58.94
Rising Sun,82.49
Fields of Arle,63.99
Twilight Imperium (Third Edition),
Lords of Waterdeep,37.167500000000004
Five Tribes,46.99
Eldritch Horror,50.4675
Codenames,15.346
El Grande,
Anachrony,
Dominion: Intrigue,27.8675
Clank!: A Deck-Building Adventure,42.985
Patchwork,25.485
The Gallerist,129.99
Mombasa,49.465
T.I.M.E Stories,49.6475
Battlestar Galactica: The Board Game,
Roll for the Galaxy,41.676
Troyes,49.99
Sherlock Holmes Consulting Detective: The Thames Murders & Other Cases,39.99
Russian Railroads,148.02
Tigris & Euphrates,
Star Wars: X-Wing Miniatures Game,18.92
Trajan,45.983333333333334
Dead of Winter: A Crossroads Game,49.96
Pandemic,59.489999999999995
Dominion,39.83
Kemet,54.292500000000004
Crokinole,
Pandemic: Iberia,
Root,74.72
Lisboa,117.95
Descent: Journeys in the Dark (Second Edition),62.45
Stone Age,41.8725
Forbidden Stars,86.0
Alchemists,43.665
Santorini,24.485
War of the Ring (First Edition),
Legendary Encounters: An Alien Deck Building Game,32.346666666666664
Star Realms,11.79
Castles of Mad King Ludwig,41.498000000000005
Agricola (Revised Edition),48.653333333333336
Yokohama,42.75333333333333
A Game of Thrones: The Board Game (Second Edition),43.303333333333335
Istanbul,33.79666666666667
Raiders of the North Sea,37.3025
The Resistance: Avalon,14.855
Champions of Midgard,43.47
Ticket to Ride: Europe,40.49
Ora et Labora,92.99000000000001
Grand Austria Hotel,47.99
Chaos in the Old World,269.95
Arcadia Quest,72.47
